-- =============================================================================
-- OsuStocks Seed Data
-- Run: docker compose exec -T postgres psql -U osu_stocks -d osu_stocks -f /scripts/seed-data.sql
-- =============================================================================

BEGIN;

-- ============================================================
-- 1. Market Settings (global config, single row)
-- ============================================================
INSERT INTO market_settings (id, pp_multiplier, trade_multiplier, decay_multiplier, is_maintenance_mode, created_at, created_by)
VALUES (
    'a0000000-0000-0000-0000-000000000001',
    1.0000, 1.0000, 1.0000, false,
    NOW() AT TIME ZONE 'UTC', 'seed'
);

-- ============================================================
-- 2. Users (user1 = admin, rest = regular users)
-- ============================================================
INSERT INTO users (id, osu_user_id, username, avatar_url, role, created_at, created_by, last_login_at) VALUES
('b0000000-0000-0000-0000-000000000001', 124493,   'Cookiezi',   'https://a.ppy.sh/124493',   'Admin', NOW() AT TIME ZONE 'UTC' - INTERVAL '30 days', 'seed', NOW() AT TIME ZONE 'UTC' - INTERVAL '1 day'),
('b0000000-0000-0000-0000-000000000002', 4787150,  'Vaxei',      'https://a.ppy.sh/4787150',  'User',  NOW() AT TIME ZONE 'UTC' - INTERVAL '28 days', 'seed', NOW() AT TIME ZONE 'UTC' - INTERVAL '2 days'),
('b0000000-0000-0000-0000-000000000003', 7562902,  'Mrekk',      'https://a.ppy.sh/7562902',  'User',  NOW() AT TIME ZONE 'UTC' - INTERVAL '25 days', 'seed', NOW() AT TIME ZONE 'UTC' - INTERVAL '3 days'),
('b0000000-0000-0000-0000-000000000004', 13211727, 'nyanpotato', 'https://a.ppy.sh/13211727', 'User',  NOW() AT TIME ZONE 'UTC' - INTERVAL '20 days', 'seed', NOW() AT TIME ZONE 'UTC' - INTERVAL '5 days'),
('b0000000-0000-0000-0000-000000000005', 11367222, 'lifeline',   'https://a.ppy.sh/11367222', 'User',  NOW() AT TIME ZONE 'UTC' - INTERVAL '15 days', 'seed', NOW() AT TIME ZONE 'UTC' - INTERVAL '1 day');

-- ============================================================
-- 3. Wallets (one per user, started with 10,000)
-- ============================================================
INSERT INTO wallets (id, user_id, balance, row_version, created_at, created_by) VALUES
('c0000000-0000-0000-0000-000000000001', 'b0000000-0000-0000-0000-000000000001', 8500.00, 1, NOW() AT TIME ZONE 'UTC' - INTERVAL '30 days', 'seed'),
('c0000000-0000-0000-0000-000000000002', 'b0000000-0000-0000-0000-000000000002', 9255.00, 1, NOW() AT TIME ZONE 'UTC' - INTERVAL '28 days', 'seed'),
('c0000000-0000-0000-0000-000000000003', 'b0000000-0000-0000-0000-000000000003', 8930.00, 1, NOW() AT TIME ZONE 'UTC' - INTERVAL '25 days', 'seed'),
('c0000000-0000-0000-0000-000000000004', 'b0000000-0000-0000-0000-000000000004', 10000.00, 1, NOW() AT TIME ZONE 'UTC' - INTERVAL '20 days', 'seed'),
('c0000000-0000-0000-0000-000000000005', 'b0000000-0000-0000-0000-000000000005', 9490.00, 1, NOW() AT TIME ZONE 'UTC' - INTERVAL '15 days', 'seed');

-- ============================================================
-- 4. Portfolios (one per user)
-- ============================================================
INSERT INTO portfolios (id, user_id, created_at, created_by) VALUES
('d0000000-0000-0000-0000-000000000001', 'b0000000-0000-0000-0000-000000000001', NOW() AT TIME ZONE 'UTC' - INTERVAL '30 days', 'seed'),
('d0000000-0000-0000-0000-000000000002', 'b0000000-0000-0000-0000-000000000002', NOW() AT TIME ZONE 'UTC' - INTERVAL '28 days', 'seed'),
('d0000000-0000-0000-0000-000000000003', 'b0000000-0000-0000-0000-000000000003', NOW() AT TIME ZONE 'UTC' - INTERVAL '25 days', 'seed'),
('d0000000-0000-0000-0000-000000000004', 'b0000000-0000-0000-0000-000000000004', NOW() AT TIME ZONE 'UTC' - INTERVAL '20 days', 'seed'),
('d0000000-0000-0000-0000-000000000005', 'b0000000-0000-0000-0000-000000000005', NOW() AT TIME ZONE 'UTC' - INTERVAL '15 days', 'seed');

-- ============================================================
-- 5. Tracked Players (osu! players whose stocks exist)
-- ============================================================
INSERT INTO tracked_players (id, osu_user_id, username, tracking_tier, is_active, created_at, created_by) VALUES
('e0000000-0000-0000-0000-000000000001', 4787150,  'Cookiezi',   'Tier1', true,  NOW() AT TIME ZONE 'UTC' - INTERVAL '60 days', 'seed'),
('e0000000-0000-0000-0000-000000000002', 6447454,  'Vaxei',      'Tier1', true,  NOW() AT TIME ZONE 'UTC' - INTERVAL '60 days', 'seed'),
('e0000000-0000-0000-0000-000000000003', 7562902,  'mrekk',      'Tier1', true,  NOW() AT TIME ZONE 'UTC' - INTERVAL '55 days', 'seed'),
('e0000000-0000-0000-0000-000000000004', 4504101,  'WhiteCat',   'Tier2', true,  NOW() AT TIME ZONE 'UTC' - INTERVAL '50 days', 'seed'),
('e0000000-0000-0000-0000-000000000005', 11367222, 'nyanpotato', 'Tier2', true,  NOW() AT TIME ZONE 'UTC' - INTERVAL '45 days', 'seed'),
('e0000000-0000-0000-0000-000000000006', 12408961, 'lifeline',   'Tier2', true,  NOW() AT TIME ZONE 'UTC' - INTERVAL '40 days', 'seed'),
('e0000000-0000-0000-0000-000000000007', 6304246,  'RyuK',       'Tier3', true,  NOW() AT TIME ZONE 'UTC' - INTERVAL '35 days', 'seed'),
('e0000000-0000-0000-0000-000000000008', 2558286,  'Aricin',     'Tier3', false, NOW() AT TIME ZONE 'UTC' - INTERVAL '60 days', 'seed');

-- ============================================================
-- 6. Player Stocks (one per tracked player)
-- ============================================================
INSERT INTO player_stocks (id, tracked_player_id, current_price, demand_score, performance_score, row_version, created_at, created_by, last_updated) VALUES
('f0000000-0000-0000-0000-000000000001', 'e0000000-0000-0000-0000-000000000001', 150.00, 0.8500, 0.9200, 1, NOW() AT TIME ZONE 'UTC' - INTERVAL '60 days', 'seed', NOW() AT TIME ZONE 'UTC' - INTERVAL '1 day'),
('f0000000-0000-0000-0000-000000000002', 'e0000000-0000-0000-0000-000000000002', 130.50, 0.7200, 0.8800, 1, NOW() AT TIME ZONE 'UTC' - INTERVAL '60 days', 'seed', NOW() AT TIME ZONE 'UTC' - INTERVAL '1 day'),
('f0000000-0000-0000-0000-000000000003', 'e0000000-0000-0000-0000-000000000003', 175.25, 0.9100, 0.9500, 1, NOW() AT TIME ZONE 'UTC' - INTERVAL '55 days', 'seed', NOW() AT TIME ZONE 'UTC' - INTERVAL '1 day'),
('f0000000-0000-0000-0000-000000000004', 'e0000000-0000-0000-0000-000000000004', 110.00, 0.6500, 0.8200, 1, NOW() AT TIME ZONE 'UTC' - INTERVAL '50 days', 'seed', NOW() AT TIME ZONE 'UTC' - INTERVAL '2 days'),
('f0000000-0000-0000-0000-000000000005', 'e0000000-0000-0000-0000-000000000005', 95.75,  0.5800, 0.7600, 1, NOW() AT TIME ZONE 'UTC' - INTERVAL '45 days', 'seed', NOW() AT TIME ZONE 'UTC' - INTERVAL '2 days'),
('f0000000-0000-0000-0000-000000000006', 'e0000000-0000-0000-0000-000000000006', 88.00,  0.5200, 0.7100, 1, NOW() AT TIME ZONE 'UTC' - INTERVAL '40 days', 'seed', NOW() AT TIME ZONE 'UTC' - INTERVAL '3 days'),
('f0000000-0000-0000-0000-000000000007', 'e0000000-0000-0000-0000-000000000007', 72.50,  0.4100, 0.6500, 1, NOW() AT TIME ZONE 'UTC' - INTERVAL '35 days', 'seed', NOW() AT TIME ZONE 'UTC' - INTERVAL '3 days'),
('f0000000-0000-0000-0000-000000000008', 'e0000000-0000-0000-0000-000000000008', 25.00,  0.1000, 0.3000, 1, NOW() AT TIME ZONE 'UTC' - INTERVAL '60 days', 'seed', NOW() AT TIME ZONE 'UTC' - INTERVAL '10 days');

-- ============================================================
-- 7. Player Snapshots (performance history)
-- ============================================================
INSERT INTO player_snapshots (id, tracked_player_id, current_pp, global_rank, top_score_id, top_score_pp, captured_at) VALUES
-- Cookiezi: steady climber
('10000000-0000-0000-0000-000000000001', 'e0000000-0000-0000-0000-000000000001', 16521.00, 15, 4281332001, 1018.00, NOW() AT TIME ZONE 'UTC' - INTERVAL '7 days'),
('10000000-0000-0000-0000-000000000002', 'e0000000-0000-0000-0000-000000000001', 16555.00, 14, 4281332001, 1018.00, NOW() AT TIME ZONE 'UTC' - INTERVAL '3 days'),
('10000000-0000-0000-0000-000000000003', 'e0000000-0000-0000-0000-000000000001', 16600.00, 13, 4281332002, 1025.00, NOW() AT TIME ZONE 'UTC' - INTERVAL '1 day'),
-- Vaxei: gradual rise
('10000000-0000-0000-0000-000000000004', 'e0000000-0000-0000-0000-000000000002', 15800.00, 22, 4300000001, 980.00,  NOW() AT TIME ZONE 'UTC' - INTERVAL '7 days'),
('10000000-0000-0000-0000-000000000005', 'e0000000-0000-0000-0000-000000000002', 15820.00, 21, 4300000001, 980.00,  NOW() AT TIME ZONE 'UTC' - INTERVAL '3 days'),
('10000000-0000-0000-0000-000000000006', 'e0000000-0000-0000-0000-000000000002', 15850.00, 20, 4300000002, 995.00,  NOW() AT TIME ZONE 'UTC' - INTERVAL '1 day'),
-- mrekk: #1 player, rising fast
('10000000-0000-0000-0000-000000000007', 'e0000000-0000-0000-0000-000000000003', 21000.00, 1, 4400000001, 1200.00, NOW() AT TIME ZONE 'UTC' - INTERVAL '7 days'),
('10000000-0000-0000-0000-000000000008', 'e0000000-0000-0000-0000-000000000003', 21100.00, 1, 4400000002, 1250.00, NOW() AT TIME ZONE 'UTC' - INTERVAL '3 days'),
('10000000-0000-0000-0000-000000000009', 'e0000000-0000-0000-0000-000000000003', 21250.00, 1, 4400000003, 1280.00, NOW() AT TIME ZONE 'UTC' - INTERVAL '1 day'),
-- WhiteCat: stable
('10000000-0000-0000-0000-000000000010', 'e0000000-0000-0000-0000-000000000004', 14200.00, 35, 4500000001, 920.00, NOW() AT TIME ZONE 'UTC' - INTERVAL '7 days'),
('10000000-0000-0000-0000-000000000011', 'e0000000-0000-0000-0000-000000000004', 14210.00, 34, 4500000001, 920.00, NOW() AT TIME ZONE 'UTC' - INTERVAL '3 days'),
-- nyanpotato
('10000000-0000-0000-0000-000000000012', 'e0000000-0000-0000-0000-000000000005', 13500.00, 50, 4600000001, 880.00, NOW() AT TIME ZONE 'UTC' - INTERVAL '5 days'),
('10000000-0000-0000-0000-000000000013', 'e0000000-0000-0000-0000-000000000005', 13520.00, 49, 4600000001, 880.00, NOW() AT TIME ZONE 'UTC' - INTERVAL '1 day'),
-- lifeline
('10000000-0000-0000-0000-000000000014', 'e0000000-0000-0000-0000-000000000006', 12800.00, 65, 4700000001, 850.00, NOW() AT TIME ZONE 'UTC' - INTERVAL '4 days'),
-- RyuK
('10000000-0000-0000-0000-000000000015', 'e0000000-0000-0000-0000-000000000007', 11500.00, 90, 4800000001, 800.00, NOW() AT TIME ZONE 'UTC' - INTERVAL '6 days'),
-- Aricin: inactive, old snapshot only
('10000000-0000-0000-0000-000000000016', 'e0000000-0000-0000-0000-000000000008', 10200.00, 150, 4900000001, 750.00, NOW() AT TIME ZONE 'UTC' - INTERVAL '30 days');

-- ============================================================
-- 8. Wallet Transactions - Initial grants (10,000 each)
-- ============================================================
INSERT INTO wallet_transactions (id, wallet_id, transaction_type, amount, reference_id, created_at) VALUES
('20000000-0000-0000-0000-000000000001', 'c0000000-0000-0000-0000-000000000001', 'InitialGrant', 10000.00, NULL, NOW() AT TIME ZONE 'UTC' - INTERVAL '30 days'),
('20000000-0000-0000-0000-000000000002', 'c0000000-0000-0000-0000-000000000002', 'InitialGrant', 10000.00, NULL, NOW() AT TIME ZONE 'UTC' - INTERVAL '28 days'),
('20000000-0000-0000-0000-000000000003', 'c0000000-0000-0000-0000-000000000003', 'InitialGrant', 10000.00, NULL, NOW() AT TIME ZONE 'UTC' - INTERVAL '25 days'),
('20000000-0000-0000-0000-000000000004', 'c0000000-0000-0000-0000-000000000004', 'InitialGrant', 10000.00, NULL, NOW() AT TIME ZONE 'UTC' - INTERVAL '20 days'),
('20000000-0000-0000-0000-000000000005', 'c0000000-0000-0000-0000-000000000005', 'InitialGrant', 10000.00, NULL, NOW() AT TIME ZONE 'UTC' - INTERVAL '15 days');

-- ============================================================
-- 9. Trades (buy/sell history)
-- ============================================================
INSERT INTO trades (id, user_id, stock_id, trade_type, quantity, unit_price, total_amount, executed_at) VALUES
-- User1 (Cookiezi) buys mrekk stock
('30000000-0000-0000-0000-000000000001', 'b0000000-0000-0000-0000-000000000001', 'f0000000-0000-0000-0000-000000000003', 'Buy', 5,  160.00, 800.00,  NOW() AT TIME ZONE 'UTC' - INTERVAL '20 days'),
-- User1 buys WhiteCat stock
('30000000-0000-0000-0000-000000000002', 'b0000000-0000-0000-0000-000000000001', 'f0000000-0000-0000-0000-000000000004', 'Buy', 3,  100.00, 300.00,  NOW() AT TIME ZONE 'UTC' - INTERVAL '18 days'),
-- User1 buys lifeline stock
('30000000-0000-0000-0000-000000000003', 'b0000000-0000-0000-0000-000000000001', 'f0000000-0000-0000-0000-000000000006', 'Buy', 4,  80.00,  320.00,  NOW() AT TIME ZONE 'UTC' - INTERVAL '15 days'),
-- User1 sells 2 WhiteCat (profit)
('30000000-0000-0000-0000-000000000004', 'b0000000-0000-0000-0000-000000000001', 'f0000000-0000-0000-0000-000000000004', 'Sell', 2, 110.00, 220.00,  NOW() AT TIME ZONE 'UTC' - INTERVAL '10 days'),

-- User2 (Vaxei) buys Cookiezi stock
('30000000-0000-0000-0000-000000000005', 'b0000000-0000-0000-0000-000000000002', 'f0000000-0000-0000-0000-000000000001', 'Buy', 3,  140.00, 420.00,  NOW() AT TIME ZONE 'UTC' - INTERVAL '22 days'),
-- User2 buys RyuK stock
('30000000-0000-0000-0000-000000000006', 'b0000000-0000-0000-0000-000000000002', 'f0000000-0000-0000-0000-000000000007', 'Buy', 5,  65.00,  325.00,  NOW() AT TIME ZONE 'UTC' - INTERVAL '14 days'),

-- User3 (Mrekk) buys Cookiezi stock
('30000000-0000-0000-0000-000000000007', 'b0000000-0000-0000-0000-000000000003', 'f0000000-0000-0000-0000-000000000001', 'Buy', 2,  145.00, 290.00,  NOW() AT TIME ZONE 'UTC' - INTERVAL '18 days'),
-- User3 buys Vaxei stock
('30000000-0000-0000-0000-000000000008', 'b0000000-0000-0000-0000-000000000003', 'f0000000-0000-0000-0000-000000000002', 'Buy', 4,  125.00, 500.00,  NOW() AT TIME ZONE 'UTC' - INTERVAL '16 days'),
-- User3 buys nyanpotato stock
('30000000-0000-0000-0000-000000000009', 'b0000000-0000-0000-0000-000000000003', 'f0000000-0000-0000-0000-000000000005', 'Buy', 6,  90.00,  540.00,  NOW() AT TIME ZONE 'UTC' - INTERVAL '12 days'),
-- User3 sells 2 Vaxei (profit)
('30000000-0000-0000-0000-000000000010', 'b0000000-0000-0000-0000-000000000003', 'f0000000-0000-0000-0000-000000000002', 'Sell', 2, 130.00, 260.00,  NOW() AT TIME ZONE 'UTC' - INTERVAL '8 days'),

-- User5 (lifeline) buys mrekk stock
('30000000-0000-0000-0000-000000000011', 'b0000000-0000-0000-0000-000000000005', 'f0000000-0000-0000-0000-000000000003', 'Buy', 3,  170.00, 510.00,  NOW() AT TIME ZONE 'UTC' - INTERVAL '10 days');

-- ============================================================
-- 10. Wallet Transactions - Trade debits/credits
-- ============================================================
INSERT INTO wallet_transactions (id, wallet_id, transaction_type, amount, reference_id, created_at) VALUES
-- User1 buys (debits)
('20000000-0000-0000-0000-000000000010', 'c0000000-0000-0000-0000-000000000001', 'BuyStock', -800.00,  '30000000-0000-0000-0000-000000000001', NOW() AT TIME ZONE 'UTC' - INTERVAL '20 days'),
('20000000-0000-0000-0000-000000000011', 'c0000000-0000-0000-0000-000000000001', 'BuyStock', -300.00,  '30000000-0000-0000-0000-000000000002', NOW() AT TIME ZONE 'UTC' - INTERVAL '18 days'),
('20000000-0000-0000-0000-000000000012', 'c0000000-0000-0000-0000-000000000001', 'BuyStock', -320.00,  '30000000-0000-0000-0000-000000000003', NOW() AT TIME ZONE 'UTC' - INTERVAL '15 days'),
-- User1 sells (credits)
('20000000-0000-0000-0000-000000000013', 'c0000000-0000-0000-0000-000000000001', 'SellStock', 220.00,  '30000000-0000-0000-0000-000000000004', NOW() AT TIME ZONE 'UTC' - INTERVAL '10 days'),
-- User2 buys
('20000000-0000-0000-0000-000000000014', 'c0000000-0000-0000-0000-000000000002', 'BuyStock', -420.00,  '30000000-0000-0000-0000-000000000005', NOW() AT TIME ZONE 'UTC' - INTERVAL '22 days'),
('20000000-0000-0000-0000-000000000015', 'c0000000-0000-0000-0000-000000000002', 'BuyStock', -325.00,  '30000000-0000-0000-0000-000000000006', NOW() AT TIME ZONE 'UTC' - INTERVAL '14 days'),
-- User3 buys
('20000000-0000-0000-0000-000000000016', 'c0000000-0000-0000-0000-000000000003', 'BuyStock', -290.00,  '30000000-0000-0000-0000-000000000007', NOW() AT TIME ZONE 'UTC' - INTERVAL '18 days'),
('20000000-0000-0000-0000-000000000017', 'c0000000-0000-0000-0000-000000000003', 'BuyStock', -500.00,  '30000000-0000-0000-0000-000000000008', NOW() AT TIME ZONE 'UTC' - INTERVAL '16 days'),
('20000000-0000-0000-0000-000000000018', 'c0000000-0000-0000-0000-000000000003', 'BuyStock', -540.00,  '30000000-0000-0000-0000-000000000009', NOW() AT TIME ZONE 'UTC' - INTERVAL '12 days'),
-- User3 sells
('20000000-0000-0000-0000-000000000019', 'c0000000-0000-0000-0000-000000000003', 'SellStock', 260.00,  '30000000-0000-0000-0000-000000000010', NOW() AT TIME ZONE 'UTC' - INTERVAL '8 days'),
-- User5 buys
('20000000-0000-0000-0000-000000000020', 'c0000000-0000-0000-0000-000000000005', 'BuyStock', -510.00,  '30000000-0000-0000-0000-000000000011', NOW() AT TIME ZONE 'UTC' - INTERVAL '10 days');

-- ============================================================
-- 11. Holdings (current positions after trades)
-- ============================================================
INSERT INTO holdings (id, portfolio_id, stock_id, quantity, average_price, row_version, created_at, created_by) VALUES
-- User1: 5 mrekk, 1 WhiteCat (bought 3 sold 2), 4 lifeline
('40000000-0000-0000-0000-000000000001', 'd0000000-0000-0000-0000-000000000001', 'f0000000-0000-0000-0000-000000000003', 5, 160.00, 1, NOW() AT TIME ZONE 'UTC' - INTERVAL '20 days', 'seed'),
('40000000-0000-0000-0000-000000000002', 'd0000000-0000-0000-0000-000000000001', 'f0000000-0000-0000-0000-000000000004', 1, 100.00, 1, NOW() AT TIME ZONE 'UTC' - INTERVAL '18 days', 'seed'),
('40000000-0000-0000-0000-000000000003', 'd0000000-0000-0000-0000-000000000001', 'f0000000-0000-0000-0000-000000000006', 4, 80.00,  1, NOW() AT TIME ZONE 'UTC' - INTERVAL '15 days', 'seed'),
-- User2: 3 Cookiezi, 5 RyuK
('40000000-0000-0000-0000-000000000004', 'd0000000-0000-0000-0000-000000000002', 'f0000000-0000-0000-0000-000000000001', 3, 140.00, 1, NOW() AT TIME ZONE 'UTC' - INTERVAL '22 days', 'seed'),
('40000000-0000-0000-0000-000000000005', 'd0000000-0000-0000-0000-000000000002', 'f0000000-0000-0000-0000-000000000007', 5, 65.00,  1, NOW() AT TIME ZONE 'UTC' - INTERVAL '14 days', 'seed'),
-- User3: 2 Cookiezi, 2 Vaxei (bought 4 sold 2), 6 nyanpotato
('40000000-0000-0000-0000-000000000006', 'd0000000-0000-0000-0000-000000000003', 'f0000000-0000-0000-0000-000000000001', 2, 145.00, 1, NOW() AT TIME ZONE 'UTC' - INTERVAL '18 days', 'seed'),
('40000000-0000-0000-0000-000000000007', 'd0000000-0000-0000-0000-000000000003', 'f0000000-0000-0000-0000-000000000002', 2, 125.00, 1, NOW() AT TIME ZONE 'UTC' - INTERVAL '16 days', 'seed'),
('40000000-0000-0000-0000-000000000008', 'd0000000-0000-0000-0000-000000000003', 'f0000000-0000-0000-0000-000000000005', 6, 90.00,  1, NOW() AT TIME ZONE 'UTC' - INTERVAL '12 days', 'seed'),
-- User5: 3 mrekk
('40000000-0000-0000-0000-000000000009', 'd0000000-0000-0000-0000-000000000005', 'f0000000-0000-0000-0000-000000000003', 3, 170.00, 1, NOW() AT TIME ZONE 'UTC' - INTERVAL '10 days', 'seed');

-- ============================================================
-- 12. Stock Price History (price movements over time)
-- ============================================================
INSERT INTO stock_price_history (id, stock_id, previous_price, new_price, reason, created_at) VALUES
-- mrekk: rising due to buys + pp gain + top plays
('50000000-0000-0000-0000-000000000001', 'f0000000-0000-0000-0000-000000000003', 100.00, 120.00, 'PPGain',       NOW() AT TIME ZONE 'UTC' - INTERVAL '30 days'),
('50000000-0000-0000-0000-000000000002', 'f0000000-0000-0000-0000-000000000003', 120.00, 135.00, 'TopPlay',      NOW() AT TIME ZONE 'UTC' - INTERVAL '25 days'),
('50000000-0000-0000-0000-000000000003', 'f0000000-0000-0000-0000-000000000003', 135.00, 160.00, 'BuyPressure',  NOW() AT TIME ZONE 'UTC' - INTERVAL '20 days'),
('50000000-0000-0000-0000-000000000004', 'f0000000-0000-0000-0000-000000000003', 160.00, 170.00, 'BuyPressure',  NOW() AT TIME ZONE 'UTC' - INTERVAL '10 days'),
('50000000-0000-0000-0000-000000000005', 'f0000000-0000-0000-0000-000000000003', 170.00, 175.25, 'PPGain',       NOW() AT TIME ZONE 'UTC' - INTERVAL '3 days'),
-- Cookiezi: steady rise from performance + demand
('50000000-0000-0000-0000-000000000006', 'f0000000-0000-0000-0000-000000000001', 100.00, 130.00, 'PPGain',       NOW() AT TIME ZONE 'UTC' - INTERVAL '40 days'),
('50000000-0000-0000-0000-000000000007', 'f0000000-0000-0000-0000-000000000001', 130.00, 140.00, 'BuyPressure',  NOW() AT TIME ZONE 'UTC' - INTERVAL '22 days'),
('50000000-0000-0000-0000-000000000008', 'f0000000-0000-0000-0000-000000000001', 140.00, 145.00, 'BuyPressure',  NOW() AT TIME ZONE 'UTC' - INTERVAL '18 days'),
('50000000-0000-0000-0000-000000000009', 'f0000000-0000-0000-0000-000000000001', 145.00, 150.00, 'TopPlay',      NOW() AT TIME ZONE 'UTC' - INTERVAL '5 days'),
-- Vaxei: bought then some sold
('50000000-0000-0000-0000-000000000010', 'f0000000-0000-0000-0000-000000000002', 100.00, 125.00, 'PPGain',       NOW() AT TIME ZONE 'UTC' - INTERVAL '35 days'),
('50000000-0000-0000-0000-000000000011', 'f0000000-0000-0000-0000-000000000002', 125.00, 130.00, 'BuyPressure',  NOW() AT TIME ZONE 'UTC' - INTERVAL '16 days'),
('50000000-0000-0000-0000-000000000012', 'f0000000-0000-0000-0000-000000000002', 130.00, 128.00, 'SellPressure', NOW() AT TIME ZONE 'UTC' - INTERVAL '8 days'),
('50000000-0000-0000-0000-000000000013', 'f0000000-0000-0000-0000-000000000002', 128.00, 130.50, 'PPGain',       NOW() AT TIME ZONE 'UTC' - INTERVAL '2 days'),
-- WhiteCat: bought then sold
('50000000-0000-0000-0000-000000000014', 'f0000000-0000-0000-0000-000000000004', 100.00, 105.00, 'BuyPressure',  NOW() AT TIME ZONE 'UTC' - INTERVAL '18 days'),
('50000000-0000-0000-0000-000000000015', 'f0000000-0000-0000-0000-000000000004', 105.00, 110.00, 'PPGain',       NOW() AT TIME ZONE 'UTC' - INTERVAL '12 days'),
-- Aricin: decay from inactivity
('50000000-0000-0000-0000-000000000016', 'f0000000-0000-0000-0000-000000000008', 50.00,  40.00,  'Decay',        NOW() AT TIME ZONE 'UTC' - INTERVAL '20 days'),
('50000000-0000-0000-0000-000000000017', 'f0000000-0000-0000-0000-000000000008', 40.00,  30.00,  'Decay',        NOW() AT TIME ZONE 'UTC' - INTERVAL '13 days'),
('50000000-0000-0000-0000-000000000018', 'f0000000-0000-0000-0000-000000000008', 30.00,  25.00,  'Decay',        NOW() AT TIME ZONE 'UTC' - INTERVAL '6 days');

-- ============================================================
-- 13. Market Events (JSONB payloads)
-- ============================================================
INSERT INTO market_events (id, stock_id, event_type, payload, created_at) VALUES
('60000000-0000-0000-0000-000000000001', 'f0000000-0000-0000-0000-000000000003', 'TopPlayDetected',   '{"playerId": 7562902, "username": "mrekk", "scorePp": 1250.0, "previousTopPp": 1200.0}',   NOW() AT TIME ZONE 'UTC' - INTERVAL '25 days'),
('60000000-0000-0000-0000-000000000002', 'f0000000-0000-0000-0000-000000000003', 'PpIncreased',       '{"playerId": 7562902, "username": "mrekk", "ppDelta": 100.0, "newPp": 21100.0}',            NOW() AT TIME ZONE 'UTC' - INTERVAL '20 days'),
('60000000-0000-0000-0000-000000000003', 'f0000000-0000-0000-0000-000000000003', 'BuyOrderExecuted',  '{"userId": "b0000000-0000-0000-0000-000000000001", "quantity": 5, "unitPrice": 160.0}',      NOW() AT TIME ZONE 'UTC' - INTERVAL '20 days'),
('60000000-0000-0000-0000-000000000004', 'f0000000-0000-0000-0000-000000000001', 'BuyOrderExecuted',  '{"userId": "b0000000-0000-0000-0000-000000000002", "quantity": 3, "unitPrice": 140.0}',      NOW() AT TIME ZONE 'UTC' - INTERVAL '22 days'),
('60000000-0000-0000-0000-000000000005', 'f0000000-0000-0000-0000-000000000001', 'TopPlayDetected',   '{"playerId": 4787150, "username": "Cookiezi", "scorePp": 1025.0, "previousTopPp": 1018.0}',  NOW() AT TIME ZONE 'UTC' - INTERVAL '5 days'),
('60000000-0000-0000-0000-000000000006', 'f0000000-0000-0000-0000-000000000008', 'PlayerInactive',    '{"playerId": 2558286, "username": "Aricin", "daysSinceLastActivity": 14}',                   NOW() AT TIME ZONE 'UTC' - INTERVAL '20 days'),
('60000000-0000-0000-0000-000000000007', 'f0000000-0000-0000-0000-000000000008', 'PlayerInactive',    '{"playerId": 2558286, "username": "Aricin", "daysSinceLastActivity": 21}',                   NOW() AT TIME ZONE 'UTC' - INTERVAL '13 days'),
('60000000-0000-0000-0000-000000000008', 'f0000000-0000-0000-0000-000000000004', 'SellOrderExecuted', '{"userId": "b0000000-0000-0000-0000-000000000001", "quantity": 2, "unitPrice": 110.0}',      NOW() AT TIME ZONE 'UTC' - INTERVAL '10 days'),
('60000000-0000-0000-0000-000000000009', 'f0000000-0000-0000-0000-000000000003', 'TopPlayDetected',   '{"playerId": 7562902, "username": "mrekk", "scorePp": 1280.0, "previousTopPp": 1250.0}',    NOW() AT TIME ZONE 'UTC' - INTERVAL '3 days');

COMMIT;
